
INSERT INTO Category (id, name) VALUES (0, 'Undefined');
INSERT INTO Category (id, name) VALUES (1, 'DC');
INSERT INTO Category (id, name) VALUES (2, 'Marvel');
INSERT INTO Category (id, name) VALUES (3,'Planeta');
INSERT INTO Category (id, name) VALUES (4,'Norma Editorial');
INSERT INTO Category (id, name) VALUES (5,'Dark Horse');
INSERT INTO Category (id, name) VALUES (6,'Valiant');
ALTER TABLE Category ALTER COLUMN id RESTART WITH 7;


INSERT INTO Comic (id, name, syn, price, sales, pages, review, release_date, url, text_img, category_id) VALUES (NEXT VALUE FOR comic_seq,'Biblioteca Marvel Omnibus. La Imposible Patrulla-X 3','La mítica Patrulla-X como nunca antes. Desde "La saga de El Nido" hasta "Dios ama, el hombre mata". Incluye la miniserie de Lobezno, el debut de Pícara, Los Morlocks y Fénix Oscura. Imprescindible.',33.27,705,100,2.36,'2025-04-05','https://www.panini.es/media/catalog/product/cache/2d16730310b7945c46ddd1ca513e3c42/s/o/somni046_0.jpg','Portada del volumen 3 de la Patrulla X' ,2);
INSERT INTO Comic (id, name, syn, price, sales, pages, review, release_date, url, text_img, category_id) VALUES (NEXT VALUE FOR comic_seq,'Superman Absolute','El héroe más brillante del Universo DC, sin fortaleza, sin hogar… El Hombre de Acero en su versión Absolute. Aislado, entenderás cuán vitales son el entorno y la comunidad para los héroes.',54.03,459,100,2.86,'2024-04-27','https://www.panini.es/media/catalog/product/cache/2d16730310b7945c46ddd1ca513e3c42/s/a/sabsu001_0.jpg', 'Portada de Superman Absolute' ,1);
INSERT INTO Comic (id, name, syn, price, sales, pages, review, release_date, url, text_img, category_id) VALUES (NEXT VALUE FOR comic_seq,'Batman: Caballero Blanco presenta - Capucha Roja','¡Jason Todd es uno de los buenos! El antiguo Robin se ha reinsertado y está haciendo justicia en un vecindario de Gotham City. Es el momento de dar forma a su propio equipo, empezando por el Chico Maravilla definitivo. ¿Estará a la altura su candidato?',3.23,29,100,3.62,'2025-04-22','https://content.eccediciones.com//productos/19693/Batman_MasAllaDelCaballeroBlanco_CapuchaRoja_2_1acubierta_DEF.jpg', 'Portada del caballero oscura, capucha roja' ,1);
INSERT INTO Comic (id, name, syn, price, sales, pages, review, release_date, url, text_img, category_id) VALUES (NEXT VALUE FOR comic_seq,'Batman: La Maldición del Caballero Blanco','El Joker está muerto… ¿o no? Bruce Wayne desentierra secretos que cambiarán Gotham para siempre.',25.99,1245,120,4.4,'2024-03-15','https://tienda.tomosygrapas.com/13192-large_default/batman-la-maldicion-del-caballero-blanco-01-de-8.jpg','Portada de La Maldición del Caballero Blanco',1);
INSERT INTO Comic (id, name, syn, price, sales, pages, review, release_date, url, text_img, category_id) VALUES (NEXT VALUE FOR comic_seq,'Superman: Hijo Rojo','¿Y si Superman hubiera crecido en la Unión Soviética? Una historia alternativa del Hombre de Acero.',19.50,930,144,4.8,'2023-11-10','https://imagessl7.casadellibro.com/a/l/s7/37/9788410203037.webp','Portada de Superman Hijo Rojo',1);
INSERT INTO Comic (id, name, syn, price, sales, pages, review, release_date, url, text_img, category_id) VALUES (NEXT VALUE FOR comic_seq,'Wonder Woman: Tierra Uno','La amazona más famosa del mundo reinterpretada por Grant Morrison.',22.75,712,128,3.9,'2024-06-21','https://content.eccediciones.com//productos/24992/cubierta_Wonder_woman_tierra_uno_integral_WEB.jpg','Portada de Wonder Woman Tierra Uno',1);
INSERT INTO Comic (id, name, syn, price, sales, pages, review, release_date, url, text_img, category_id) VALUES (NEXT VALUE FOR comic_seq,'Flash: Renacimiento','Barry Allen regresa, pero algo no está bien. El renacimiento del velocista escarlata.',18.40,605,100,3.7,'2025-01-03','https://content.eccediciones.com//productos/9711/cubierta_flash_renacimiento_3ed.jpg','Portada de Flash Renacimiento',1);

INSERT INTO Comic (id, name, syn, price, sales, pages, review, release_date, url, text_img, category_id) VALUES (NEXT VALUE FOR comic_seq,'Spiderman: Azul','Un relato íntimo y nostálgico sobre Peter Parker y Gwen Stacy. Imprescindible.',21.90,1523,112,4.6,'2024-02-14','https://www.panini.es/media/catalog/product/cache/2d16730310b7945c46ddd1ca513e3c42/s/h/shmin012y_0.jpg','Portada de Spiderman Azul',2);
INSERT INTO Comic (id, name, syn, price, sales, pages, review, release_date, url, text_img, category_id) VALUES (NEXT VALUE FOR comic_seq,'Los Vengadores: Desunidos','El equipo más poderoso de la Tierra se rompe desde dentro.',24.35,870,136,4.1,'2023-09-05','https://www.panini.es/media/catalog/product/cache/2d16730310b7945c46ddd1ca513e3c42/s/m/smust002y.jpg','Portada de Los Vengadores Desunidos',2);
INSERT INTO Comic (id, name, syn, price, sales, pages, review, release_date, url, text_img, category_id) VALUES (NEXT VALUE FOR comic_seq,'Doctor Extraño: El Juramento','Una historia oscura y médica que redefine al Hechicero Supremo.',19.00,643,128,3.8,'2024-10-30','https://www.panini.es/media/catalog/product/cache/2d16730310b7945c46ddd1ca513e3c42/s/m/smust045_0.jpg','Portada de Doctor Extraño El Juramento',2);
INSERT INTO Comic (id, name, syn, price, sales, pages, review, release_date, url, text_img, category_id) VALUES (NEXT VALUE FOR comic_seq,'Iron Man: Extremis','La historia que inspiró el MCU. Nanotecnología, terrorismo y redención.',26.99,1014,144,4.5,'2025-02-20','https://www.panini.es/media/catalog/product/cache/2d16730310b7945c46ddd1ca513e3c42/s/m/smust015_0_1.jpg','Portada de Iron Man Extremis',2);

INSERT INTO Comic (id, name, syn, price, sales, pages, review, release_date, url, text_img, category_id) VALUES (NEXT VALUE FOR comic_seq,'Dragon Ball Super Vol. 20','El regreso de Black Freezer y el torneo interdimensional. ¡Acción garantizada!',8.95,2875,192,4.9,'2024-05-12','https://proassetspdlcom.cdnstatics2.com/usuaris/libros/thumbs/b06589de-396c-4b55-8021-0b8655f260f4/d_360_620/portada_dragon-ball-super-n-20_akira-toriyama_202310061221.webp','Portada de Dragon Ball Super 20',3);
INSERT INTO Comic (id, name, syn, price, sales, pages, review, release_date, url, text_img, category_id) VALUES (NEXT VALUE FOR comic_seq,'One Piece Vol. 102','Luffy contra Kaido. El arco de Wano llega a su clímax.',7.95,3000,208,5.0,'2023-12-01','https://proassetspdlcom.cdnstatics2.com/usuaris/libros/thumbs/5d8e9a01-a7fb-4f57-9dcb-718b904145f2/d_360_620/338590_portada_one-piece-n-020_eiichiro-oda_202405071435.webp','Portada de One Piece 102',3);
INSERT INTO Comic (id, name, syn, price, sales, pages, review, release_date, url, text_img, category_id) VALUES (NEXT VALUE FOR comic_seq,'Naruto: Edición Integral 5','Sasuke se rebela. Naruto entrena con Jiraiya. Clásico moderno.',15.00,1443,240,4.3,'2025-03-18','https://proassetspdlcom.cdnstatics2.com/usuaris/libros/thumbs/05d84da2-bd62-49c0-9dde-df54d0b9fdb2/d_360_620/portada_naruto-jump-remix-n-0524_masashi-kishimoto_202410031354.webp','Portada de Naruto Integral 5',3);
INSERT INTO Comic (id, name, syn, price, sales, pages, review, release_date, url, text_img, category_id) VALUES (NEXT VALUE FOR comic_seq,'Ataque a los Titanes Vol. 34','El final devastador de una saga épica.',9.50,2850,208,4.7,'2024-07-07','https://tienda.tomosygrapas.com/53830-large_default/ataque-a-los-titanes-34.jpg','Portada de Ataque a los Titanes 34',3);

INSERT INTO Comic (id, name, syn, price, sales, pages, review, release_date, url, text_img, category_id) VALUES (NEXT VALUE FOR comic_seq,'The Witcher: La Maldición de los Cuervos','Geralt de Rivia viaja a una ciudad sitiada por horrores mágicos.',17.25,638,120,4.0,'2023-10-11','https://www.normaeditorial.com/upload/media/albumes/0001/06/thumb_5627_albumes_big.jpeg','Portada de The Witcher: Cuervos',4);
INSERT INTO Comic (id, name, syn, price, sales, pages, review, release_date, url, text_img, category_id) VALUES (NEXT VALUE FOR comic_seq,'Hellsing Edición Deluxe Vol. 1','Vampiros, nazis y acción ultraestilizada. Clásico del manga gótico.',28.50,793,220,4.6,'2024-01-22','https://www.normaeditorial.com/upload/media/albumes/0001/22/thumb_21187_albumes_big.jpeg','Portada de Hellsing Volumen 1',4);
INSERT INTO Comic (id, name, syn, price, sales, pages, review, release_date, url, text_img, category_id) VALUES (NEXT VALUE FOR comic_seq,'Chainsaw Man Vol. 8','Denji y Power en su batalla más sangrienta. Caos garantizado.',9.00,1660,192,4.8,'2025-04-14','https://www.normaeditorial.com/upload/media/albumes/0001/19/thumb_18643_albumes_big.jpeg','Portada de Chainsaw Man 8',4);
INSERT INTO Comic (id, name, syn, price, sales, pages, review, release_date, url, text_img, category_id) VALUES (NEXT VALUE FOR comic_seq,'Tokyo Ghoul:re Vol. 3','Ken Kaneki no recuerda quién fue… pero su pasado regresa.',10.25,715,180,3.9,'2023-11-25','https://www.normaeditorial.com/upload/media/albumes/0001/05/thumb_4778_albumes_big.jpeg','Portada de Tokyo Ghoul:re 3',4);

INSERT INTO Comic (id, name, syn, price, sales, pages, review, release_date, url, text_img, category_id) VALUES (NEXT VALUE FOR comic_seq,'Hellboy: Semilla de Destrucción','El origen del demonio rojo que caza monstruos.',20.99,933,128,4.2,'2024-08-01','https://d2lzb5v10mb0lj.cloudfront.net/covers/300/30/3017106.jpg','Portada de Hellboy: Semilla de Destrucción',5);
INSERT INTO Comic (id, name, syn, price, sales, pages, review, release_date, url, text_img, category_id) VALUES (NEXT VALUE FOR comic_seq,'Sin City Vol. 1: El Duro Adiós','Frank Miller redefine el noir con violencia y estilo.',18.40,670,160,4.1,'2023-05-17','https://imagessl4.casadellibro.com/a/l/s7/04/9788467921304.webp','Portada de Sin City Vol. 1',5);
INSERT INTO Comic (id, name, syn, price, sales, pages, review, release_date, url, text_img, category_id) VALUES (NEXT VALUE FOR comic_seq,'Umbrella Academy: Suite Apocalíptica','Súper hermanos disfuncionales. Fin del mundo. Violines.',22.99,1103,144,4.4,'2025-01-28','https://www.normaeditorial.com/upload/media/albumes/0001/04/thumb_3654_albumes_big.jpeg','Portada de Umbrella Academy Vol. 1',5);

INSERT INTO Comic (id, name, syn, price, sales, pages, review, release_date, url, text_img, category_id) VALUES (NEXT VALUE FOR comic_seq,'Bloodshot Reborn Vol. 2','Un asesino inmortal perdido en la locura y el caos.',14.50,354,112,3.5,'2023-08-09','https://valiantentertainment.com/wp-content/uploads/2022/08/Bloodshot_Unleashed_02_A-562x863.jpg','Portada de Bloodshot Reborn 2',6);
INSERT INTO Comic (id, name, syn, price, sales, pages, review, release_date, url, text_img, category_id) VALUES (NEXT VALUE FOR comic_seq,'Harbinger Renegade','Poderosos jóvenes enfrentan a un mundo corrupto con habilidades psíquicas.',16.75,483,128,3.8,'2024-04-16','https://www.zonanegativa.com/imagenes/2017/05/1.jpg','Portada de Harbinger Renegade',6);





INSERT INTO News (id, date_new, img_new, text_img, title, description) VALUES (1, '2025-05-12', 'https://i0.wp.com/www.tomosygrapas.com/wp-content/uploads/2025/05/Banner-Pacificador.jpg?resize=1024%2C576&ssl=1', 'Noticia sobre el primer trailer de la serie del pacificador', 'Vuelve Pacificador con el primer tráiler de su segunda temporada', 'La plataforma de streaming Max lanza el primer avance del regreso de Pacificador con el teaser tráiler de la segunda temporada de su serie.');
INSERT INTO News (id, date_new, img_new, text_img, title, description) VALUES (2, '2025-05-06', 'https://i0.wp.com/www.tomosygrapas.com/wp-content/uploads/2025/05/Star-Wars-Banner.jpg?w=999&ssl=1', 'Star Wars decide pasarse al terror', 'Star Wars se pasa al terror con una nueva serie', 'Dark Horse se prepara para darle un nuevo enfoque a Star Wars con una nueva serie de género de terror.');
INSERT INTO News (id, date_new, img_new, text_img, title, description) VALUES (3, '2025-05-05', 'https://i0.wp.com/www.tomosygrapas.com/wp-content/uploads/2025/05/predator-banner.jpg?w=1012&ssl=1', 'Predator se enfrentará a los superhéroes de Marvel', 'Predator se enfrenta a todo el Universo Marvel', 'Marvel Comics anuncia un nuevo crossover donde el icónico Predator de la franquicia cinematográfica, se enfrentará a todo el Universo Marvel.');
INSERT INTO News (id, date_new, img_new, text_img, title, description) VALUES (4, '2025-05-15', 'https://i0.wp.com/www.tomosygrapas.com/wp-content/uploads/2025/05/Banner-Superman.jpg?resize=1024%2C576&ssl=1', 'Nuevo trailer de Superman', 'Superman se luce como nunca en su nuevo tráiler', 'DC Studios lanza un nuevo tráiler de la próxima película de Superman de James Gunn, protagonizado por David Corenswet y Rachel Brosnahan.');
INSERT INTO News (id, date_new, img_new, text_img, title, description) VALUES (5, '2025-05-16', 'https://i0.wp.com/www.tomosygrapas.com/wp-content/uploads/2025/05/Wolverine-Banner.jpg?w=1012&ssl=1', 'Lobezno luchando con samurais', 'Marvel recupera una historia de Lobezno de Claremont', 'Marvel va a publicar este verano un especial de Chris Claremont y Tom Reilly protagonizado por Lobezno, y que está ubicado en el pasado del personaje, en concreto en su etapa en Japón que vimos en la miniserie Lobezno: Honor.');
INSERT INTO News (id, date_new, img_new, text_img, title, description) VALUES (6, '2025-05-19', 'https://i0.wp.com/www.tomosygrapas.com/wp-content/uploads/2025/05/Marvel-All-In-One-banner.jpg?w=1001&ssl=1', 'La cosa luchando contra los vengadores', 'La Cosa contra todo el Universo Marvel', 'La Cosa se enfrentará a todos los héroes del Universo Marvel en un especial firmado por Ryan North y Ed McGuinness, y que estará compuesto casi en su totalidad por páginas dobles.');
ALTER TABLE News ALTER COLUMN id RESTART WITH 7;


